id;login;api_name;method;direction;http_status_code;time;reqeust_data;response_data;ok
1;Representative 新疆;blue Synergized white;PATCH;Enter;31191;2021-08-23T02:09:32;../fake-data/blob/hipster.txt;../fake-data/blob/hipster.txt;true
2;redundant;旁;PATCH;Enter;91131;2021-08-22T16:23:51;../fake-data/blob/hipster.txt;../fake-data/blob/hipster.txt;true
3;mobile deliver directional;Rubber;HEAD;Enter;1481;2021-08-22T18:20:53;../fake-data/blob/hipster.txt;../fake-data/blob/hipster.txt;false
4;schemas customer parsing;bypass Soap;TRACE;Enter;39398;2021-08-22T20:41:38;../fake-data/blob/hipster.txt;../fake-data/blob/hipster.txt;false
5;Steel;Executive New 天津市;TRACE;Out;93185;2021-08-22T23:30:17;../fake-data/blob/hipster.txt;../fake-data/blob/hipster.txt;false
6;Car virtual Applications;Rustic functionalities;HEAD;Out;53405;2021-08-22T21:27:45;../fake-data/blob/hipster.txt;../fake-data/blob/hipster.txt;false
7;indexing;Officer;OPTIONS;Out;72809;2021-08-23T04:20:39;../fake-data/blob/hipster.txt;../fake-data/blob/hipster.txt;true
8;Rubber port Account;monetize;PUT;Enter;76694;2021-08-23T04:09:14;../fake-data/blob/hipster.txt;../fake-data/blob/hipster.txt;false
9;engineer;Wooden ivory;OPTIONS;Enter;44890;2021-08-22T12:30:39;../fake-data/blob/hipster.txt;../fake-data/blob/hipster.txt;true
10;turquoise;Managed digital 巷;OPTIONS;Out;49810;2021-08-23T02:04:41;../fake-data/blob/hipster.txt;../fake-data/blob/hipster.txt;true
